"id","fdc_id","nutrient_id","amount","data_points","derivation_id","min","max","median","footnote","min_year_acquired"
"1","168878","1008","130","","","","","","",""
"2","168878","1003","2.69","","","","","","",""
"3","168878","1004","0.28","","","","","","",""
"4","168878","1005","28.17","","","","","","",""
"5","168878","1079","0.4","","","","","","",""
"6","169143","1003","20.53","","","","","","",""
"7","169143","1004","6.73","","","","","","",""
"8","169143","1005","0","","","","","","",""
"9","169143","1008","148","","","","","","",""
"10","175167","1008","89","","","","","","",""
"11","175167","1003","1.09","","","","","","",""
"12","175167","1004","0.33","","","","","","",""
"13","175167","1005","22.84","","","","","","",""
"14","175167","1079","2.6","","","","","","",""
"15","999999","1008","0","","","","","","",""
